experiment_name,model_name,method,data_fraction,seed,f1_macro,accuracy,f1_negative,f1_neutral,f1_positive,trainable_params,peak_vram_gb,train_time_s,inference_latency_ms,fallback_rate,notes
tfidf_lr_cardiff_es_full,tfidf+lr,tfidf_lr,full,42,0.5664891037187947,0.5689655172413793,0.6108374384236454,0.4889705882352941,0.5996592844974447,67941.0,,4.620517008999741,0.8355371692279079,,"TF-IDF char_wb 2-4grams + LR C=1.0 multinomial. Features: 22647, clases: 3."
encoder_offtheshelf_pysentimiento_robertuito-sentiment-analysis,pysentimiento/robertuito-sentiment-analysis,encoder_offtheshelf,full,42,0.7582225511991996,0.7609195402298851,0.8204283360790774,0.6521739130434783,0.802065404475043,,,,47.9446862586444,,"out-of-domain reference: pysentimiento/robertuito-sentiment-analysis entrenado en TASS 2020, evaluado sobre Cardiff ES test sin fine-tuning. NO incluir en la frontera de Pareto calidad-coste. Solo referencia de comparacion."
encoder_finetuned_dccuchile_bert-base-spanish-wwm-cased_cardiff_es,dccuchile/bert-base-spanish-wwm-cased,encoder_finetuned,full,42,0.6612994350282486,0.6632183908045977,0.7016949152542373,0.55,0.7322033898305085,109853187.0,2.470710784,10.619552756892515,0.637400504094602,,"Full fine-tuning de dccuchile/bert-base-spanish-wwm-cased sobre Cardiff ES (train completo). epochs=3, lr=2e-05, bs=16. Punto A de la frontera de Pareto calidad-coste."
encoder_finetuned_xlm-roberta-base_cardiff_es,xlm-roberta-base,encoder_finetuned,full,42,0.6464889915810161,0.6597701149425287,0.7024539877300614,0.5,0.737012987012987,278045955.0,4.587578368,18.27577839884907,0.5487323321145157,,"Full fine-tuning de xlm-roberta-base sobre Cardiff ES (train completo). epochs=3, lr=2e-05, bs=16. Punto A de la frontera de Pareto calidad-coste."
prompting_zeroshot_Qwen_Qwen3-1.7B,Qwen/Qwen3-1.7B,prompting_zeroshot,full,42,0.4713033050853233,0.5080459770114942,0.603448275862069,0.5501066098081023,0.2603550295857988,0.0,1.45524736,0.0,68.5899188072988,0.0137931034482758,Prompting prompting_zeroshot. k=0. Modelo: Qwen/Qwen3-1.7B (1015.9M params). Fallback: 1.4%. Tiempo total inferencia: 59.7s.
prompting_fewshot_k4_Qwen_Qwen3-1.7B,Qwen/Qwen3-1.7B,prompting_fewshot_k4,full,42,0.5435983689193641,0.5448275862068965,0.5471264367816092,0.5488372093023256,0.5348314606741573,0.0,1.479457792,0.0,67.85362755783417,0.0,Prompting prompting_fewshot_k4. k=4. Modelo: Qwen/Qwen3-1.7B (1015.9M params). Fallback: 0.0%. Tiempo total inferencia: 59.0s.
prompting_fewshot_k8_Qwen_Qwen3-1.7B,Qwen/Qwen3-1.7B,prompting_fewshot_k8,full,42,0.5601021446909322,0.5609195402298851,0.5170731707317073,0.5472636815920398,0.6159695817490495,0.0,1.500701184,0.0,68.08997180805295,0.0011494252873563,Prompting prompting_fewshot_k8. k=8. Modelo: Qwen/Qwen3-1.7B (1015.9M params). Fallback: 0.1%. Tiempo total inferencia: 59.2s.
prompting_fewshot_k16_Qwen_Qwen3-1.7B,Qwen/Qwen3-1.7B,prompting_fewshot_k16,full,42,0.5395089352781591,0.5459770114942529,0.539906103286385,0.4463087248322148,0.6323119777158774,0.0,1.546046976,0.0,68.12499706344357,0.0011494252873563,Prompting prompting_fewshot_k16. k=16. Modelo: Qwen/Qwen3-1.7B (1015.9M params). Fallback: 0.1%. Tiempo total inferencia: 59.3s.
lora_qwen1.7b_n4_s42,Qwen/Qwen3-1.7B,lora,4,42,0.5507369614512472,0.5597701149425287,0.6994047619047619,0.4319727891156462,0.5208333333333334,6422528.0,5.616750592,70.5998,50.88971633660166,0.0,"PEFT lora sobre Qwen/Qwen3-1.7B, fracción=4, seed=42. r=16, lr=0.0002, max_steps=80 (min_steps=80). best_val_F1=0.5861@step40. loss 1.1152358055114746->2.960109122795984e-06. n_train=4, n_test=870."
lora_qwen1.7b_n4_s43,Qwen/Qwen3-1.7B,lora,4,43,0.530618239090203,0.5551724137931034,0.6892067620286085,0.3541247484909456,0.5485232067510548,6422528.0,5.679292416,71.8193,51.60417808873351,0.0022988505747126,"PEFT lora sobre Qwen/Qwen3-1.7B, fracción=4, seed=43. r=16, lr=0.0002, max_steps=80 (min_steps=80). best_val_F1=0.5608@step20. loss 0.29436392784118653->4.107492713956162e-06. n_train=4, n_test=870."
lora_qwen4b_n4_s42,Qwen/Qwen3-4B,lora,4,42,0.5017392478858383,0.5137931034482759,0.6187245590230664,0.3531598513011152,0.5333333333333333,11796480.0,11.685487616,90.398,65.07521105538073,0.0,"PEFT lora sobre Qwen/Qwen3-4B, fracción=4, seed=42. r=16, lr=0.0002, max_steps=80 (min_steps=80). best_val_F1=0.5668@step60. loss 0.9520966529846191->9.465894254390151e-06. n_train=4, n_test=870."
lora_qwen1.7b_n4_s44,Qwen/Qwen3-1.7B,lora,4,44,0.5368494468400389,0.603448275862069,0.7145135566188198,0.1915492957746478,0.7044854881266491,6422528.0,5.643631616,72.8461,52.686468126219616,0.0,"PEFT lora sobre Qwen/Qwen3-1.7B, fracción=4, seed=44. r=16, lr=0.0002, max_steps=80 (min_steps=80). best_val_F1=0.5756@step80. loss 0.7667459011077881->1.6838293959153816e-06. n_train=4, n_test=870."
lora_qwen4b_n4_s43,Qwen/Qwen3-4B,lora,4,43,0.6188283759611881,0.6494252873563219,0.7343532684283728,0.3905882352941176,0.7315436241610739,11796480.0,11.784696832,93.8326,66.42500710624613,0.0034482758620689,"PEFT lora sobre Qwen/Qwen3-4B, fracción=4, seed=43. r=16, lr=0.0002, max_steps=80 (min_steps=80). best_val_F1=0.6513@step60. loss 0.7573126316070556->5.108102777739987e-06. n_train=4, n_test=870."
lora_qwen1.7b_n7_s42,Qwen/Qwen3-1.7B,lora,7,42,0.600187496450831,0.6298850574712643,0.7272727272727273,0.3708920187793427,0.7023977433004231,6422528.0,7.440405504,72.3693,51.96585356699008,0.0,"PEFT lora sobre Qwen/Qwen3-1.7B, fracción=7, seed=42. r=16, lr=0.0002, max_steps=80 (min_steps=80). best_val_F1=0.6122@step20. loss 0.5977227210998535->1.1652871762635186e-05. n_train=7, n_test=870."
lora_qwen4b_n4_s44,Qwen/Qwen3-4B,lora,4,44,0.4439509185817911,0.5448275862068965,0.6263982102908278,0.0,0.7054545454545454,11796480.0,11.702040576,91.9633,70.80850674231586,0.0,"PEFT lora sobre Qwen/Qwen3-4B, fracción=4, seed=44. r=16, lr=0.0002, max_steps=80 (min_steps=80). best_val_F1=0.4665@step20. loss 0.9165022850036622->1.4447954890783877e-05. n_train=4, n_test=870."
lora_qwen1.7b_n7_s43,Qwen/Qwen3-1.7B,lora,7,43,0.6471298362401325,0.6436781609195402,0.6998087954110899,0.5492730210016155,0.6923076923076923,6422528.0,7.363651072,71.6002,51.95015172163645,0.0,"PEFT lora sobre Qwen/Qwen3-1.7B, fracción=7, seed=43. r=16, lr=0.0002, max_steps=80 (min_steps=80). best_val_F1=0.6546@step20. loss 0.17860040664672852->1.7498192391940393e-06. n_train=7, n_test=870."
lora_qwen4b_n7_s42,Qwen/Qwen3-4B,lora,7,42,0.6851594520415105,0.6919540229885057,0.7568493150684932,0.5603112840466926,0.7383177570093458,11796480.0,14.619149312,92.1053,66.76773923008065,0.0,"PEFT lora sobre Qwen/Qwen3-4B, fracción=7, seed=42. r=16, lr=0.0002, max_steps=80 (min_steps=80). best_val_F1=0.6894@step20. loss 0.2612889528274536->2.528084223740734e-06. n_train=7, n_test=870."
lora_qwen1.7b_n7_s44,Qwen/Qwen3-1.7B,lora,7,44,0.522518345943105,0.5540229885057472,0.7127819548872181,0.5111111111111111,0.3436619718309859,6422528.0,7.381302272,74.7501,55.7263887389318,0.0,"PEFT lora sobre Qwen/Qwen3-1.7B, fracción=7, seed=44. r=16, lr=0.0002, max_steps=80 (min_steps=80). best_val_F1=0.5879@step40. loss 0.45950069427490237->1.9128799976897424e-06. n_train=7, n_test=870."
lora_qwen1.7b_n10_s42,Qwen/Qwen3-1.7B,lora,10,42,0.6288602705896335,0.6517241379310345,0.734375,0.4304932735426009,0.7217125382262997,6422528.0,7.935435264,74.6724,53.05075138121059,0.0,"PEFT lora sobre Qwen/Qwen3-1.7B, fracción=10, seed=42. r=16, lr=0.0002, max_steps=80 (min_steps=80). best_val_F1=0.6317@step80. loss 0.7365319728851318->3.2532800105400385e-06. n_train=10, n_test=870."
lora_qwen4b_n7_s43,Qwen/Qwen3-4B,lora,7,43,0.6083152262660102,0.6218390804597701,0.7323162274618585,0.4734848484848485,0.6191446028513238,11796480.0,14.474941952,91.6709,66.53034931310175,0.0,"PEFT lora sobre Qwen/Qwen3-4B, fracción=7, seed=43. r=16, lr=0.0002, max_steps=80 (min_steps=80). best_val_F1=0.6472@step20. loss 0.4903691291809082->1.6237987438216806e-06. n_train=7, n_test=870."
lora_qwen1.7b_n10_s43,Qwen/Qwen3-1.7B,lora,10,43,0.5595141142394474,0.5816091954022988,0.693196405648267,0.4828828828828829,0.5024630541871922,6422528.0,7.835147776,72.5831,51.611280460890974,0.0,"PEFT lora sobre Qwen/Qwen3-1.7B, fracción=10, seed=43. r=16, lr=0.0002, max_steps=80 (min_steps=80). best_val_F1=0.5779@step80. loss 1.2019968032836914->2.954148112621624e-06. n_train=10, n_test=870."
lora_qwen4b_n7_s44,Qwen/Qwen3-4B,lora,7,44,0.6426021974037409,0.664367816091954,0.7386541471048513,0.4498886414253897,0.7392638036809815,11796480.0,14.552117248,94.4343,68.25236154295374,0.0,"PEFT lora sobre Qwen/Qwen3-4B, fracción=7, seed=44. r=16, lr=0.0002, max_steps=80 (min_steps=80). best_val_F1=0.6846@step20. loss 0.4209409236907959->1.3423805285128765e-06. n_train=7, n_test=870."
lora_qwen1.7b_n10_s44,Qwen/Qwen3-1.7B,lora,10,44,0.6056782406225121,0.6402298850574712,0.7319422150882825,0.3614457831325301,0.7236467236467237,6422528.0,7.990053888,71.271,51.54746697333298,0.0114942528735632,"PEFT lora sobre Qwen/Qwen3-1.7B, fracción=10, seed=44. r=16, lr=0.0002, max_steps=80 (min_steps=80). best_val_F1=0.6059@step60. loss 0.7869009494781494->1.0783693142002448e-05. n_train=10, n_test=870."
lora_qwen4b_n10_s42,Qwen/Qwen3-4B,lora,10,42,0.6352064229993094,0.6298850574712643,0.6918489065606361,0.5987261146496815,0.6150442477876106,11796480.0,15.359299072,92.189,65.17316445937021,0.0,"PEFT lora sobre Qwen/Qwen3-4B, fracción=10, seed=42. r=16, lr=0.0002, max_steps=80 (min_steps=80). best_val_F1=0.6685@step20. loss 0.3163848638534546->1.2733029507216997e-06. n_train=10, n_test=870."
lora_qwen1.7b_n16_s42,Qwen/Qwen3-1.7B,lora,16,42,0.6499055972966576,0.6436781609195402,0.6817325800376648,0.5870503597122302,0.6809338521400778,6422528.0,8.045165568,73.8891,51.73364565952828,0.0,"PEFT lora sobre Qwen/Qwen3-1.7B, fracción=16, seed=42. r=16, lr=0.0002, max_steps=80 (min_steps=80). best_val_F1=0.6778@step60. loss 0.0730287790298462->2.1167057639104315e-06. n_train=16, n_test=870."
lora_qwen1.7b_n16_s43,Qwen/Qwen3-1.7B,lora,16,43,0.5986931573386093,0.596551724137931,0.6753731343283582,0.5641025641025641,0.5566037735849056,6422528.0,7.986451968,71.2929,50.77703770152048,0.0,"PEFT lora sobre Qwen/Qwen3-1.7B, fracción=16, seed=43. r=16, lr=0.0002, max_steps=80 (min_steps=80). best_val_F1=0.6109@step20. loss 0.7245120525360107->4.292260564398021e-06. n_train=16, n_test=870."
lora_qwen4b_n10_s43,Qwen/Qwen3-4B,lora,10,43,0.6263566921461658,0.6367816091954023,0.717032967032967,0.4980694980694981,0.6639676113360324,11796480.0,15.285932544,99.0572,71.1731697154934,0.0,"PEFT lora sobre Qwen/Qwen3-4B, fracción=10, seed=43. r=16, lr=0.0002, max_steps=80 (min_steps=80). best_val_F1=0.6647@step20. loss 1.112680149078369->7.923992234282195e-06. n_train=10, n_test=870."
lora_qwen1.7b_n16_s44,Qwen/Qwen3-1.7B,lora,16,44,0.6187882600957794,0.6459770114942529,0.7182320441988951,0.4055944055944055,0.7325383304940375,6422528.0,7.935436288,71.1141,50.21048890296043,0.0034482758620689,"PEFT lora sobre Qwen/Qwen3-1.7B, fracción=16, seed=44. r=16, lr=0.0002, max_steps=80 (min_steps=80). best_val_F1=0.6577@step80. loss 0.5575296401977539->6.774339999537915e-06. n_train=16, n_test=870."
lora_qwen4b_n10_s44,Qwen/Qwen3-4B,lora,10,44,0.6516161682576306,0.667816091954023,0.7253731343283583,0.5022026431718062,0.7272727272727273,11796480.0,15.461165056,93.7888,66.7298723077565,0.0,"PEFT lora sobre Qwen/Qwen3-4B, fracción=10, seed=44. r=16, lr=0.0002, max_steps=80 (min_steps=80). best_val_F1=0.6632@step80. loss 0.629727554321289->2.487794554326683e-05. n_train=10, n_test=870."
lora_qwen1.7b_n25_s42,Qwen/Qwen3-1.7B,lora,25,42,0.6357312576977395,0.6310344827586207,0.7095588235294118,0.5577812018489985,0.6398537477148081,6422528.0,8.209463296,72.5892,51.66852452971956,0.0,"PEFT lora sobre Qwen/Qwen3-1.7B, fracción=25, seed=42. r=16, lr=0.0002, max_steps=80 (min_steps=80). best_val_F1=0.6686@step80. loss 1.1637083053588868->1.454041776014492e-05. n_train=25, n_test=870."
lora_qwen4b_n16_s42,Qwen/Qwen3-4B,lora,16,42,0.5626373589031094,0.5896551724137931,0.7464285714285714,0.583941605839416,0.3575418994413408,11796480.0,15.648724992,92.2329,66.23743301290169,0.0,"PEFT lora sobre Qwen/Qwen3-4B, fracción=16, seed=42. r=16, lr=0.0002, max_steps=80 (min_steps=80). best_val_F1=0.6029@step20. loss 0.264480447769165->2.9496659408323467e-06. n_train=16, n_test=870."
lora_qwen1.7b_n25_s43,Qwen/Qwen3-1.7B,lora,25,43,0.6457046647782363,0.6413793103448275,0.7153024911032029,0.557632398753894,0.664179104477612,6422528.0,8.104300544,74.4589,53.71890671289804,0.0,"PEFT lora sobre Qwen/Qwen3-1.7B, fracción=25, seed=43. r=16, lr=0.0002, max_steps=80 (min_steps=80). best_val_F1=0.6541@step20. loss 1.2281503677368164->3.825093517662026e-06. n_train=25, n_test=870."
lora_qwen4b_n16_s43,Qwen/Qwen3-4B,lora,16,43,0.6791631691471528,0.6804597701149425,0.7713841368584758,0.5737976782752903,0.6923076923076923,11796480.0,15.381494272,96.0882,66.38813044941216,0.0,"PEFT lora sobre Qwen/Qwen3-4B, fracción=16, seed=43. r=16, lr=0.0002, max_steps=80 (min_steps=80). best_val_F1=0.6812@step20. loss 0.6976698398590088->3.037205715372693e-06. n_train=16, n_test=870."
lora_qwen1.7b_n25_s44,Qwen/Qwen3-1.7B,lora,25,44,0.6800492829034485,0.6839080459770115,0.7540983606557377,0.5625,0.7235494880546075,6422528.0,8.412934656,73.1134,52.61858695660506,0.0,"PEFT lora sobre Qwen/Qwen3-1.7B, fracción=25, seed=44. r=16, lr=0.0002, max_steps=80 (min_steps=80). best_val_F1=0.6920@step60. loss 0.4464897632598877->1.4805913087911904e-05. n_train=25, n_test=870."
lora_qwen1.7b_n50_s42,Qwen/Qwen3-1.7B,lora,50,42,0.598143014971834,0.5942528735632184,0.6713286713286714,0.536376604850214,0.5867237687366167,6422528.0,8.225224704,71.8949,51.27670651040318,0.0,"PEFT lora sobre Qwen/Qwen3-1.7B, fracción=50, seed=42. r=16, lr=0.0002, max_steps=80 (min_steps=80). best_val_F1=0.6529@step80. loss 0.7193185806274414->8.296921441797167e-06. n_train=50, n_test=870."
lora_qwen4b_n16_s44,Qwen/Qwen3-4B,lora,16,44,0.6803768139867789,0.6885057471264368,0.74822695035461,0.5440313111545988,0.7488721804511278,11796480.0,15.359300096,97.0487,68.72594142496062,0.0,"PEFT lora sobre Qwen/Qwen3-4B, fracción=16, seed=44. r=16, lr=0.0002, max_steps=80 (min_steps=80). best_val_F1=0.6930@step40. loss 0.332975172996521->1.0274339729221539e-06. n_train=16, n_test=870."
lora_qwen1.7b_n50_s43,Qwen/Qwen3-1.7B,lora,50,43,0.6433616790927489,0.6425287356321839,0.7152103559870551,0.5560975609756098,0.6587771203155819,6422528.0,8.045165568,70.8569,50.94616879758082,0.0,"PEFT lora sobre Qwen/Qwen3-1.7B, fracción=50, seed=43. r=16, lr=0.0002, max_steps=80 (min_steps=80). best_val_F1=0.6733@step60. loss 1.130214309692383->2.1846675372216852e-05. n_train=50, n_test=870."
lora_qwen4b_n25_s42,Qwen/Qwen3-4B,lora,25,42,0.6075006003373461,0.635632183908046,0.7285714285714285,0.3853211009174312,0.7086092715231788,11796480.0,15.840611328,91.318,67.04254561152898,0.0022988505747126,"PEFT lora sobre Qwen/Qwen3-4B, fracción=25, seed=42. r=16, lr=0.0002, max_steps=80 (min_steps=80). best_val_F1=0.6464@step20. loss 1.5706354141235352->4.9672718159854415e-05. n_train=25, n_test=870."
lora_qwen1.7b_n50_s44,Qwen/Qwen3-1.7B,lora,50,44,0.6537322745476696,0.6505747126436782,0.7034990791896869,0.5407166123778502,0.7169811320754716,6422528.0,8.045231104,70.5146,50.3157029222501,0.0057471264367816,"PEFT lora sobre Qwen/Qwen3-1.7B, fracción=50, seed=44. r=16, lr=0.0002, max_steps=80 (min_steps=80). best_val_F1=0.6934@step40. loss 0.7657241821289062->5.212830728851259e-05. n_train=50, n_test=870."
lora_qwen4b_n25_s43,Qwen/Qwen3-4B,lora,25,43,0.6455875385873693,0.6425287356321839,0.7076923076923077,0.5700164744645799,0.6590538336052202,11796480.0,15.775763456,91.1747,65.46757827725327,0.0,"PEFT lora sobre Qwen/Qwen3-4B, fracción=25, seed=43. r=16, lr=0.0002, max_steps=80 (min_steps=80). best_val_F1=0.6761@step60. loss 0.7777830600738526->4.130184242967516e-06. n_train=25, n_test=870."
lora_qwen1.7b_n100_s42,Qwen/Qwen3-1.7B,lora,100,42,0.6703225806451613,0.667816091954023,0.7428571428571429,0.5709677419354838,0.6971428571428572,6422528.0,8.50698496,69.895,50.62378715037515,0.0,"PEFT lora sobre Qwen/Qwen3-1.7B, fracción=100, seed=42. r=16, lr=0.0002, max_steps=80 (min_steps=80). best_val_F1=0.7052@step60. loss 0.8947220802307129->0.00048406915739178656. n_train=100, n_test=870."
lora_qwen1.7b_n100_s43,Qwen/Qwen3-1.7B,lora,100,43,0.622204672294779,0.6206896551724138,0.7064676616915423,0.532695374800638,0.6274509803921569,6422528.0,8.256953344,73.1505,53.189402625879694,0.0,"PEFT lora sobre Qwen/Qwen3-1.7B, fracción=100, seed=43. r=16, lr=0.0002, max_steps=80 (min_steps=80). best_val_F1=0.6458@step40. loss 1.0268316268920898->0.020853698253631592. n_train=100, n_test=870."
lora_qwen4b_n25_s44,Qwen/Qwen3-4B,lora,25,44,0.6808513111400409,0.6827586206896552,0.7598684210526315,0.5724381625441696,0.7102473498233216,11796480.0,16.111148544,93.0053,66.33214034107432,0.0,"PEFT lora sobre Qwen/Qwen3-4B, fracción=25, seed=44. r=16, lr=0.0002, max_steps=80 (min_steps=80). best_val_F1=0.6891@step60. loss 0.31703672409057615->1.438332492398331e-06. n_train=25, n_test=870."
lora_qwen1.7b_n100_s44,Qwen/Qwen3-1.7B,lora,100,44,0.6411510629557005,0.639080459770115,0.6972477064220184,0.519134775374376,0.7070707070707071,6422528.0,8.256953344,71.1481,51.10672903002093,0.0,"PEFT lora sobre Qwen/Qwen3-1.7B, fracción=100, seed=44. r=16, lr=0.0002, max_steps=80 (min_steps=80). best_val_F1=0.6612@step80. loss 1.0412457466125489->0.06661626696586609. n_train=100, n_test=870."
lora_qwen4b_n50_s42,Qwen/Qwen3-4B,lora,50,42,0.6343682324010192,0.6402298850574712,0.7297297297297297,0.4990892531876138,0.6742857142857143,11796480.0,15.819205632,91.8456,72.67751232639216,0.0,"PEFT lora sobre Qwen/Qwen3-4B, fracción=50, seed=42. r=16, lr=0.0002, max_steps=80 (min_steps=80). best_val_F1=0.7007@step60. loss 0.7246909141540527->1.665968156885356e-05. n_train=50, n_test=870."
lora_qwen1.7b_n250_s42,Qwen/Qwen3-1.7B,lora,250,42,0.6683733742864856,0.6655172413793103,0.7412353923205343,0.58125,0.6826347305389222,6422528.0,8.723313664,77.3717,50.314129558963735,0.0,"PEFT lora sobre Qwen/Qwen3-1.7B, fracción=250, seed=42. r=16, lr=0.0002, max_steps=160 (min_steps=80). best_val_F1=0.6844@step80. loss 0.911684513092041->0.020753923058509826. n_train=250, n_test=870."
lora_qwen4b_n50_s43,Qwen/Qwen3-4B,lora,50,43,0.6612098342444382,0.6781609195402298,0.750373692077728,0.4882226980728051,0.7450331125827815,11796480.0,15.646345216,94.7845,66.6548026104768,0.0011494252873563,"PEFT lora sobre Qwen/Qwen3-4B, fracción=50, seed=43. r=16, lr=0.0002, max_steps=80 (min_steps=80). best_val_F1=0.6799@step40. loss 0.670550537109375->0.00013437968445941805. n_train=50, n_test=870."
lora_qwen1.7b_n250_s43,Qwen/Qwen3-1.7B,lora,250,43,0.6555982558894545,0.6517241379310345,0.7077464788732394,0.5664556962025317,0.6925925925925925,6422528.0,8.530801152,80.9995,54.88708873459122,0.0,"PEFT lora sobre Qwen/Qwen3-1.7B, fracción=250, seed=43. r=16, lr=0.0002, max_steps=160 (min_steps=80). best_val_F1=0.6825@step80. loss 0.8672102928161621->0.02049715965986252. n_train=250, n_test=870."
lora_qwen4b_n50_s44,Qwen/Qwen3-4B,lora,50,44,0.7010957891928702,0.6988505747126437,0.7463235294117647,0.6052631578947368,0.7517006802721088,11796480.0,15.648724992,88.6279,65.78935322498805,0.0,"PEFT lora sobre Qwen/Qwen3-4B, fracción=50, seed=44. r=16, lr=0.0002, max_steps=80 (min_steps=80). best_val_F1=0.6828@step80. loss 0.5847363948822022->5.741934000980109e-06. n_train=50, n_test=870."
lora_qwen1.7b_n250_s44,Qwen/Qwen3-1.7B,lora,250,44,0.647180906409225,0.6494252873563219,0.7232,0.5274336283185841,0.6909090909090909,6422528.0,8.723477504,83.5476,54.069998200263896,0.0,"PEFT lora sobre Qwen/Qwen3-1.7B, fracción=250, seed=44. r=16, lr=0.0002, max_steps=160 (min_steps=80). best_val_F1=0.6898@step120. loss 0.9870030403137207->0.03218873739242554. n_train=250, n_test=870."
lora_qwen4b_n100_s42,Qwen/Qwen3-4B,lora,100,42,0.6869551326631614,0.6873563218390805,0.7474402730375427,0.5798611111111112,0.7335640138408305,11796480.0,16.303072768,95.4177,68.88526490186914,0.0,"PEFT lora sobre Qwen/Qwen3-4B, fracción=100, seed=42. r=16, lr=0.0002, max_steps=80 (min_steps=80). best_val_F1=0.7041@step80. loss 0.7467876434326172->0.00220637209713459. n_train=100, n_test=870."
lora_qwen1.7b_n500_s42,Qwen/Qwen3-1.7B,lora,500,42,0.6688147362832696,0.6758620689655173,0.723404255319149,0.5297504798464492,0.7532894736842105,6422528.0,8.722904064,92.5054,51.90920838759395,0.0,"PEFT lora sobre Qwen/Qwen3-1.7B, fracción=500, seed=42. r=16, lr=0.0002, max_steps=315 (min_steps=80). best_val_F1=0.6706@step156. loss 0.7071268619635166->0.012525145824138936. n_train=500, n_test=870."
lora_qwen4b_n100_s43,Qwen/Qwen3-4B,lora,100,43,0.7000057408165246,0.7034482758620689,0.7417677642980935,0.5944954128440367,0.7637540453074434,11796480.0,15.8509568,91.382,64.83844727310434,0.0,"PEFT lora sobre Qwen/Qwen3-4B, fracción=100, seed=43. r=16, lr=0.0002, max_steps=80 (min_steps=80). best_val_F1=0.6932@step80. loss 0.8117608070373535->0.017632757127285004. n_train=100, n_test=870."
lora_qwen1.7b_n500_s43,Qwen/Qwen3-1.7B,lora,500,43,0.698427093053163,0.6954022988505747,0.7531083481349912,0.6096774193548387,0.7324955116696589,6422528.0,8.722822144,99.1647,55.22051181546167,0.0,"PEFT lora sobre Qwen/Qwen3-1.7B, fracción=500, seed=43. r=16, lr=0.0002, max_steps=315 (min_steps=80). best_val_F1=0.6940@step156. loss 0.7261669452373798->0.010067051037763938. n_train=500, n_test=870."
lora_qwen4b_n100_s44,Qwen/Qwen3-4B,lora,100,44,0.672781769999828,0.6735632183908046,0.7007575757575758,0.565587734241908,0.752,11796480.0,15.8509568,99.1032,68.69075077242758,0.0,"PEFT lora sobre Qwen/Qwen3-4B, fracción=100, seed=44. r=16, lr=0.0002, max_steps=80 (min_steps=80). best_val_F1=0.6928@step40. loss 0.998037052154541->0.0030287794768810274. n_train=100, n_test=870."
lora_qwen1.7b_n500_s44,Qwen/Qwen3-1.7B,lora,500,44,0.682304418672795,0.6781609195402298,0.7416520210896309,0.5993788819875776,0.7058823529411765,6422528.0,8.507673088,92.1905,51.58210875825924,0.0,"PEFT lora sobre Qwen/Qwen3-1.7B, fracción=500, seed=44. r=16, lr=0.0002, max_steps=315 (min_steps=80). best_val_F1=0.6648@step156. loss 0.6566835061097757->0.011629420213210277. n_train=500, n_test=870."
lora_qwen4b_n250_s42,Qwen/Qwen3-4B,lora,250,42,0.6971528258065657,0.6931034482758621,0.7299270072992701,0.6319018404907976,0.7296296296296296,11796480.0,16.749821952,111.3224,69.33225853074538,0.0,"PEFT lora sobre Qwen/Qwen3-4B, fracción=250, seed=42. r=16, lr=0.0002, max_steps=160 (min_steps=80). best_val_F1=0.7008@step80. loss 0.6751530170440674->0.006162358075380325. n_train=250, n_test=870."
lora_qwen1.7b_n1000_s42,Qwen/Qwen3-1.7B,lora,1000,42,0.6876878831835889,0.6862068965517242,0.7457044673539519,0.6095551894563427,0.7078039927404719,6422528.0,8.722658304,121.0656,57.02320557381762,0.0,"PEFT lora sobre Qwen/Qwen3-1.7B, fracción=1000, seed=42. r=16, lr=0.0002, max_steps=625 (min_steps=80). best_val_F1=0.7031@step624. loss 0.5801205757336739->0.013322966221051339. n_train=1000, n_test=870."
lora_qwen4b_n250_s43,Qwen/Qwen3-4B,lora,250,43,0.7007587081760831,0.6988505747126437,0.7574171029668412,0.6059602649006622,0.738898756660746,11796480.0,16.496899584,99.8168,65.67848174783744,0.0,"PEFT lora sobre Qwen/Qwen3-4B, fracción=250, seed=43. r=16, lr=0.0002, max_steps=160 (min_steps=80). best_val_F1=0.6953@step160. loss 0.697877836227417->0.018871237337589265. n_train=250, n_test=870."
lora_qwen1.7b_n1000_s43,Qwen/Qwen3-1.7B,lora,1000,43,0.6885381573976096,0.6885057471264368,0.7487684729064039,0.5773195876288659,0.7395264116575592,6422528.0,8.723477504,116.7192,50.65016828379349,0.0,"PEFT lora sobre Qwen/Qwen3-1.7B, fracción=1000, seed=43. r=16, lr=0.0002, max_steps=625 (min_steps=80). best_val_F1=0.6871@step468. loss 0.6160354614257812->0.018123345497326974. n_train=1000, n_test=870."
lora_qwen4b_n250_s44,Qwen/Qwen3-4B,lora,250,44,0.6970633695877634,0.6988505747126437,0.7317939609236235,0.5946902654867257,0.7647058823529411,11796480.0,16.758464512,103.0008,70.26555886688202,0.0,"PEFT lora sobre Qwen/Qwen3-4B, fracción=250, seed=44. r=16, lr=0.0002, max_steps=160 (min_steps=80). best_val_F1=0.6888@step120. loss 0.7860324859619141->0.0203012615442276. n_train=250, n_test=870."
lora_qwen1.7b_n1000_s44,Qwen/Qwen3-1.7B,lora,1000,44,0.6795932817638262,0.6804597701149425,0.7512038523274478,0.5640138408304498,0.7235621521335807,6422528.0,8.530801152,124.1904,58.21580482287365,0.0,"PEFT lora sobre Qwen/Qwen3-1.7B, fracción=1000, seed=44. r=16, lr=0.0002, max_steps=625 (min_steps=80). best_val_F1=0.7035@step312. loss 0.5960544194930639->0.012271241499827458. n_train=1000, n_test=870."
lora_qwen4b_n500_s42,Qwen/Qwen3-4B,lora,500,42,0.6777954510370184,0.6862068965517242,0.7507788161993769,0.5291828793774319,0.7534246575342466,11796480.0,16.711892992,118.2619,66.38324817054365,0.0,"PEFT lora sobre Qwen/Qwen3-4B, fracción=500, seed=42. r=16, lr=0.0002, max_steps=315 (min_steps=80). best_val_F1=0.7164@step78. loss 0.5788962535369091->0.006171828661209498. n_train=500, n_test=870."
lora_qwen1.7b_nfull_s42,Qwen/Qwen3-1.7B,lora,full,42,0.6922061633056852,0.6862068965517242,0.7218934911242604,0.6353276353276354,0.71939736346516,6422528.0,8.723313664,169.7481,54.10052727287015,0.0,"PEFT lora sobre Qwen/Qwen3-1.7B, fracción=full, seed=42. r=16, lr=0.0002, max_steps=1150 (min_steps=80). best_val_F1=0.7024@step287. loss 0.5274711369637413->0.020149493466686288. n_train=1839, n_test=870."
lora_qwen4b_n500_s43,Qwen/Qwen3-4B,lora,500,43,0.6951764147825035,0.6908045977011494,0.7379679144385026,0.6182380216383307,0.7293233082706767,11796480.0,16.746995712,123.5414,68.74135820391147,0.0,"PEFT lora sobre Qwen/Qwen3-4B, fracción=500, seed=43. r=16, lr=0.0002, max_steps=315 (min_steps=80). best_val_F1=0.7202@step315. loss 0.5372026883638822->0.00034174471138379513. n_train=500, n_test=870."
lora_qwen1.7b_nfull_s43,Qwen/Qwen3-1.7B,lora,full,43,0.7045752798812774,0.6988505747126437,0.7269230769230769,0.6424418604651163,0.7443609022556391,6422528.0,8.722985984,170.4852,54.889373799884005,0.0,"PEFT lora sobre Qwen/Qwen3-1.7B, fracción=full, seed=43. r=16, lr=0.0002, max_steps=1150 (min_steps=80). best_val_F1=0.7020@step287. loss 0.5302275547997877->0.023177520738661497. n_train=1839, n_test=870."
lora_qwen4b_n500_s44,Qwen/Qwen3-4B,lora,500,44,0.6885422437836334,0.6919540229885057,0.7344262295081967,0.5688073394495413,0.7623931623931623,11796480.0,16.31569664,121.6948,66.3125063619462,0.0,"PEFT lora sobre Qwen/Qwen3-4B, fracción=500, seed=44. r=16, lr=0.0002, max_steps=315 (min_steps=80). best_val_F1=0.7153@step156. loss 0.6215970944135617->0.015905328285999786. n_train=500, n_test=870."
lora_qwen1.7b_nfull_s44,Qwen/Qwen3-1.7B,lora,full,44,0.6963008540535992,0.6942528735632184,0.7446043165467626,0.6151315789473685,0.7291666666666666,6422528.0,8.723149824,166.481,51.42753166064882,0.0,"PEFT lora sobre Qwen/Qwen3-1.7B, fracción=full, seed=44. r=16, lr=0.0002, max_steps=1150 (min_steps=80). best_val_F1=0.7312@step861. loss 0.5455705596179496->0.01928365355169316. n_train=1839, n_test=870."
lora_qwen4b_n1000_s42,Qwen/Qwen3-4B,lora,1000,42,0.6990029978815954,0.7,0.7614213197969543,0.5894736842105263,0.7461139896373057,11796480.0,16.756371456,165.3175,68.30712865319168,0.0,"PEFT lora sobre Qwen/Qwen3-4B, fracción=1000, seed=42. r=16, lr=0.0002, max_steps=625 (min_steps=80). best_val_F1=0.7109@step312. loss 0.4867260272686298->0.011128991078107785. n_train=1000, n_test=870."
lora_qwen4b_n1000_s43,Qwen/Qwen3-4B,lora,1000,43,0.6910675160554121,0.6885057471264368,0.7431506849315068,0.5855263157894737,0.7445255474452555,11796480.0,16.758464512,150.3317,65.48262510056558,0.0,"PEFT lora sobre Qwen/Qwen3-4B, fracción=1000, seed=43. r=16, lr=0.0002, max_steps=625 (min_steps=80). best_val_F1=0.7399@step625. loss 0.530949470324394->0.014031610427758632. n_train=1000, n_test=870."
lora_qwen4b_n1000_s44,Qwen/Qwen3-4B,lora,1000,44,0.7050283824259173,0.7045977011494253,0.7635135135135135,0.606473594548552,0.7450980392156863,11796480.0,16.520492544,150.4827,65.64667589733736,0.0,"PEFT lora sobre Qwen/Qwen3-4B, fracción=1000, seed=44. r=16, lr=0.0002, max_steps=625 (min_steps=80). best_val_F1=0.7087@step624. loss 0.4921402564415565->0.010315820192679381. n_train=1000, n_test=870."
qlora_qwen1.7b_nfull_s42,Qwen/Qwen3-1.7B,qlora,full,42,0.6810007740644918,0.6793103448275862,0.7311072056239016,0.5776293823038398,0.7342657342657343,6422528.0,4.934291968,409.1822,102.2025520521167,0.0,"PEFT qlora sobre Qwen/Qwen3-1.7B, fracción=full, seed=42. r=16, lr=0.0002, max_steps=1150 (min_steps=80). best_val_F1=0.6885@step861. loss 0.5329553690521559->0.02071583644853652. n_train=1839, n_test=870."
full_ft_qwen1.7b_nfull_s42,Qwen/Qwen3-1.7B,full_ft,full,42,0.6960955423386922,0.6919540229885057,0.7446043165467626,0.6,0.7436823104693141,1720574976.0,15.844741632,124.3417,32.83136119869979,0.0,"PEFT full_ft sobre Qwen/Qwen3-1.7B, fracción=full, seed=42. r=None, lr=1e-05, max_steps=1150 (min_steps=60). best_val_F1=0.7099@step574. loss 0.6345210058763883->0.16991338164964204. n_train=1839, n_test=870."
prompting_zeroshot_Qwen_Qwen3-4B,Qwen/Qwen3-4B,prompting_zeroshot,full,42,0.6330877441641455,0.6367816091954023,0.7523219814241486,0.5451713395638629,0.6017699115044248,0.0,2.838754304,0.0,86.38767190384625,0.0,Prompting prompting_zeroshot. k=0. Modelo: Qwen/Qwen3-4B (2205.8M params). Fallback: 0.0%. Tiempo total inferencia: 75.2s.
lora_qwen4b_nfull_s42,Qwen/Qwen3-4B,lora,full,42,0.7219585769659487,0.7218390804597701,0.7476979742173112,0.6372881355932203,0.7808896210873146,11796480.0,16.749821952,219.965,69.13602539223798,0.0,"PEFT lora sobre Qwen/Qwen3-4B, fracción=full, seed=42. r=16, lr=0.0002, max_steps=1150 (min_steps=80). best_val_F1=0.7240@step287. loss 0.45981526125598865->0.014398169434444415. n_train=1839, n_test=870."
prompting_fewshot_k4_Qwen_Qwen3-4B,Qwen/Qwen3-4B,prompting_fewshot_k4,full,42,0.6522459597615115,0.6494252873563219,0.7324478178368121,0.616580310880829,0.6077097505668935,0.0,2.871407616,0.0,86.25325754702348,0.0,Prompting prompting_fewshot_k4. k=4. Modelo: Qwen/Qwen3-4B (2205.8M params). Fallback: 0.0%. Tiempo total inferencia: 75.0s.
prompting_fewshot_k8_Qwen_Qwen3-4B,Qwen/Qwen3-4B,prompting_fewshot_k8,full,42,0.5900286227698627,0.5988505747126437,0.704,0.5966981132075472,0.4693877551020408,0.0,2.899107328,0.0,85.97091464807505,0.0,Prompting prompting_fewshot_k8. k=8. Modelo: Qwen/Qwen3-4B (2205.8M params). Fallback: 0.0%. Tiempo total inferencia: 74.8s.
prompting_fewshot_k16_Qwen_Qwen3-4B,Qwen/Qwen3-4B,prompting_fewshot_k16,full,42,0.6312232282492505,0.6264367816091954,0.6951672862453532,0.5837837837837838,0.6147186147186147,0.0,2.976776704,0.0,87.19471631700108,0.0,Prompting prompting_fewshot_k16. k=16. Modelo: Qwen/Qwen3-4B (2205.8M params). Fallback: 0.0%. Tiempo total inferencia: 75.9s.
lora_qwen4b_nfull_s43,Qwen/Qwen3-4B,lora,full,43,0.7178561181236948,0.7218390804597701,0.7735849056603774,0.6096654275092936,0.7703180212014135,11796480.0,16.714432512,215.5199,67.47036099662645,0.0,"PEFT lora sobre Qwen/Qwen3-4B, fracción=full, seed=43. r=16, lr=0.0002, max_steps=1150 (min_steps=80). best_val_F1=0.7174@step287. loss 0.4897526332310268->0.016025194307652917. n_train=1839, n_test=870."
lora_qwen4b_nfull_s44,Qwen/Qwen3-4B,lora,full,44,0.682395657367637,0.6793103448275862,0.7153024911032029,0.5912762520193862,0.740608228980322,11796480.0,16.75036672,217.3882,68.71644724487213,0.0,"PEFT lora sobre Qwen/Qwen3-4B, fracción=full, seed=44. r=16, lr=0.0002, max_steps=1150 (min_steps=80). best_val_F1=0.7156@step1148. loss 0.4768169017618957->0.012130263790436323. n_train=1839, n_test=870."
qlora_qwen4b_nfull_s42,Qwen/Qwen3-4B,qlora,full,42,0.7012167616334283,0.6977011494252874,0.7465277777777778,0.6089743589743589,0.7481481481481481,11796480.0,6.787254784,533.8893,131.9478659955948,0.0,"PEFT qlora sobre Qwen/Qwen3-4B, fracción=full, seed=42. r=16, lr=0.0002, max_steps=1150 (min_steps=80). best_val_F1=0.7161@step287. loss 0.4641876220703125->0.015314404557390911. n_train=1839, n_test=870."
